盛大网络	
网龙	
搜狐畅游	
完美时空
完美世界
巨人网络	
智乐
gameloft	
第九城市	
久游网	
游戏蜗牛	
4399
广州游家信息技术有限公司
蓝港在线	
中青宝网	
网易游戏	
吉林禹硕动漫游戏科技股份	
北京麒麟网信息科技	
育碧	
上海灵禅信息科技	
广州多益网络科技	
EA	
联众世界	
大连金山互动娱乐	
北京趣游天际网络技术	
北京百游汇通网络技术	
杭州乐港科技	
起凡游戏	
中华网游戏集团	
北京游戏谷信息技术	
蜗牛电子	
上海大承网络	
沈阳蓝火炬软件	
尚游游戏	
上海皿鎏软件	
CDC游戏集团	
厦门御风行科技数码	
上海摩力游数字娱乐	
乐线软件开发	
世纪天成	
北京世联互动科技	
悠游网	
摩力游	
北京掌上明珠信息技术	
九维网	
中视网元	
上海暴雨信息科技	
杭州泛城科技	
暴雨娱乐	
半丁数码科技	
华夏飞讯科技	
上海网络游戏	
昱泉信息技术
上海无极黑	
武汉拇指通科技	
极光互动网络技术	
上海游族信息技术	
广州爱游信息科技	
上海艺电软件	
游戏橘子_gamania	
成都梦工厂软件	
佳贝林科技	
2K	
奇矩互动科技	
37wan	
北京数字顽石无线科技	
四川长城科技	
亚米多科技	
上海麦石信息	
网页游戏_webgame	
杭州启天科技	
北京侠客行网络技术	
深圳市聚橙网络技术	
上海晓通网络技术	
乐游信息技术	
798game网络娱乐	
鲁迅美术学院	
17game	
上海竖创信息科技	
广州拉阔游戏	
虹元素科技发展	
顽石互动
深圳盈佳世纪	
KH	
上海盎然信息技术	
webzen	
远航科技	
边锋网络技术	
武汉任逍遥网络	
广州市百游汇数码网络科技	
渡维科技	
常州市游龙网络科技发展	
上海齐玩网络技术	
北京娱乐通科技发展	
红图互动	
光宇游戏	
泰弗尔	
CHINAJOY	
时空数码科技	
游易网络	
上海臻龙网络科技	
大娃娃网络科技	
万游在线
史克威尔艾尼克斯中国	
国威	
漫游谷	
火鸟科技	
武汉富甲天下	
维西网络科技	
成都征途网络技术	
游戏新干线	
莱芜HB教育集团	
游龙在线	
梦想兄弟	
湖南星野游戏	
小石头信息技术	
游家网络	
南京可度游戏	
中国游戏中心	
杭州天卓网络	
Zynga	
杭州火雨网络科技	
深圳网狐	
厦门志盟科技网络	
仙人掌网络科技	
吉林省山水瑞通网络科技责任	
北京万维天空科技	
朗玛趋势科技	
北京创娱天下信息技术	
上海优游信息科技	
晨路科技	
上海维莱信息科技	
南京游趣软件开发	
龙游天下	
freesky	
苏州东胜	
江苏福网信息技术	
境界游戏	
雅讯天地	
唐人游	
天纵科技	
上海乐宝信息技术	
光通娱乐	
大宇资讯股份	
杭州天畅网络科技	
赛网科技
香港网络游戏娱乐上海代表处	
游家信息技术	
逸海晴天	
黑曜弓游戏软件	
畅唐科技	
网元畅游娱乐科技	
北京神话创先	
锦游网络科技	
广州梦境网络科技	
上海积创网络科技	
云起港科技
深圳市一起游戏科技	
北京天神互动科技	
深圳市菠萝游戏	
江苏齐游网络科技发展	
苏州蜗牛数字科技股份	
华夏游戏	
厦门盘古软件开发
pioneersoft	
nurien中国	
北京亿动能科技	
重庆聚购信息科技	
深圳任网游科技发展	
广州英众游戏设计	
iQue	
卓娱互动科技	
北京中科奥科技	
长春市万利驾校	
北京博友创想科技	
流金网络科技	
杭州群游科技	
深圳克友信息技术	
飞洲时代科技	
杭州灵机科技	
九合创胜网络科技	
深圳市网域天下信息技术	
懒游网络技术	
广州市西风软件信息科技	
一盛游戏文化	
北京时代互动游戏	
上海恩七
上海龙之谷数码科技	
点点互动
北京梦想起飞科技	
四川执象网络	
上海游奇网络	
福州36游信息技术	
猫游	
仙童电脑游戏	
上海壮游信息科技	
北京标派科技	
上海游族	
惠州超声音箱	
上海红格子网络游戏	
韩国NC	
米球游戏	
北京远明山水网络科技	
深圳冰川网络股份	
深圳市墨麟科技	
北京利华鸿昌门窗责任	
杭州聚名	
福建中科讯	
武易网	
杭州酷游网络	
北京将品科技	
天实软件	
吉林华科游戏集团	
3game3	
北京天北星际游乐	
上海德纽科数字技术	
杭州天阔网络	
北京风云网络技术	
优易	
天乐网络	
杭州宇宙手机游戏	
臻龙网络科技	
微易网络科技	
商胜电子商务	
上海圣域网络科技	
北京任我游科技	
普捷特软件	
蓝颢网络科技	
lemonquest	
先锋游戏	
久连网络科技	
北京智信恒网络技术	
九阔天下
北京动力时空科技发展	
华仁教育	
海道网络科技	
乐趣游戏	
云起港科技	
埃富梦科技	
上海霁龙信息技术	
亿佳网络	
华夏赛石	
南京都游网络技术	
宇动科技	
网域游戏	
轩辕成就	
遊趣网络	
上海石龙游戏	
天真网络游戏	
北京亚洲互动科技发展	
娱众信息游戏	
龙迹天地科技	
福州几维网络	
快乐儿童英语学校	
杭州润趣科技	
恒游互动	
王氏软件	
三境世界	
深圳市凡趣科技	
广州翁般扎信息科技	
深圳沄游网络技术	
杭州瑞臻网络科技股份	
青岛东方口岸海投科技	
济宁市六易网络信息	
浙江五舞科技	
上海杰姆火网络科技	
上海心动游戏	
北京掌上新城信息技术	
掌智天下
上海盛久网络科技发展	
珠海心游科技	
快乐宝贝幼儿园	
广州天灵计算机网络	
浙江业联网络科技	
厦门卡比奇奥科技	
厦门掌龙网络科技	
InGameAd	
北京幻晶龙科技	
新起点网络工作室	
博游网络科技	
日本光荣	
熠腾
暴雪
上海非岚信息科技	
gameloft智乐软件	
上海幽幽网络通讯科技北京分	
北京光荣特库摩软件	
武汉超级玩家网络科技	
gameloft智乐软件	
上海派讯信息科技	
深圳市天鸿信息技术	
盛大游戏	
日照甲壳虫动漫	
四川鼎伦网络科技	
91玩	
逸冰信息科技	
成都火山网络	
北京红元素文化娱乐	
趣加游戏	
深圳科诗特软件责任成都	
北京武神世纪网络技术股份	
成都阔越科技	
江门市蓬江区乐无限科技	
北京趣游天际网络技术
瘦腿网
legjy
杭州恒盾科技	
杭州点点信息科技	
蓝港在线
杭州项楚科技	
福州萝卜网络科技	
山东省金点子钢结构	
成都恒特嘉科技	
卡迷果软件	
新启航网络	
石家庄炫酷软件科技	
山东省网络游戏科技	
丹尼网络	
成都火仁数码科技	
北京纯白科技发展	
PG网络
深圳福田区创想时代职业培训学校	
济南天桥区超线程网吧	
成都市皇途网络科技	
趣游
奔腾网络	
恒发网络	
广州菲音信息科技
凡人工作室
厦门天默网络科技	
北京易家动力信息技术	
威海子弹蚁网络科技	
苏州云动动画	
成都优视图软件	
艾普德
广西博弈网络科技	
北京太能沃可网络科技	
深圳市万友引力投资	
武汉联游网络	
上海大鳞文化	
火极网络科技	
厦门布塔信息技术	
上海雀虹信息科技	
四三九九网络股份
4399
湖南竞网科技游戏
成都猛犸网络科技	
石家庄雷动科技信息技术	
珠海金山网络游戏科技	
自贡市龙昊网络科技	
青岛手游	
上海智跃自动化游戏	
海南火极网络科技	
广州频点信息科技	
北京凤凰图腾软件开发	
艳阳网络	
上海勒维人才	
倩女幽魂游戏代练	
厦门市御风行数码科技	
意康网络科技	
北京市顶点唯峰科技	
北京猫闪科技	
平潭热线文化传播	
北京腾龙时空科技	
深圳百联玩具游戏	
深圳中青宝互动网络股份	
西安灵动创想网络科技	
北京醋溜科技	
辽宁鞍山梦幻	
R2Game	
九五互动科技	
安徽秀漫科技	
东莞市杰凯包装材料	
北京柒悦鼎图科技	
重庆梧台科技发展火鸟CG工作室	
成都易玩科技	
北京睿善科技	
Zen	
上海狮风科技发展	
上海碧游网络科技发展	
北京君源智业信息技术	
北京光宇华夏南宁办事处	
北京乐迪网络科技	
苏州信荣电子科技	
天津正东动漫文化发展	
深圳友际无限科技	
厦门极致互动网络技术	
天诚游戏代练工作室	
缘彩网络	
简乐互动	
云晖软件	
哆可梦游戏	
创娱无限	
赛一科技	
槟果科技	
玉米树	
杰迈科技	
亿网星漫	
维动科技	
云创新科技	
好玩一二三	
世纪阳天	
卡尔维	
一游网络	
传悦网路	
快乐时光	
网易	
盛大	
麒麟网	
巨人	
乐港	
游戏谷	
灵禅	
趣游天际	
中华网	
起凡	
游家	
gameloft	
智乐	
金山互动	
多益	
禹硕	
百游汇通	
触控科技	
顽石互动	
神奇时代	
银汉	
掌上明珠	
艾格拉斯	
人人游戏	
慕和网络	
谷得网络	
热酷	
友皆乐	
拉阔游戏	
淘米	
华娱	
空中网	
腾讯	
KONAMI	
科乐美	
i-Free	
博雅互动	
纵游	
T4GAME	
呈天游	
乐逗游戏	
腾王科技
乐元素	
壳木软件	
云狐游戏	
GC蜂巢游戏	
索乐	
游艺春秋	
中国手游	
恺英网络	
动网先锋	
天津猛犸	
掌娱无限	
边锋	
随手互动	
磊友科技	
乐堂动漫	
华益天信	
中科奥	
尼毕鲁
tap4fun